INSERT INTO users (id, name, age) VALUES
(1, 'John', 17), (2, 'Rondo', 6), (3, 'Chris', 4), (4, 'Magic', 33),
(5, 'Kevin', 24), (6, 'David', 24), (7, 'Mike', 9), (8, 'Vince', 23), (9, 'Kobe', 100), (10, 'Lebron', 30),
(11, 'Gary', 90), (12, 'Jason', 24), (13, 'Shaq', 4), (14, 'Tim', 36), (15, 'Tracy', 113), (16, 'Francis', 5),
(17, 'Ray', 6), (18, 'Yao', 5), (19, 'Zion', 24), (20, 'Jordan', 24);

INSERT INTO projects (id, title, category, funding_goal, start_date, end_date) VALUES
(1, 'Shaq and SQL', 'books', 500.00, '03-16-2020', '04-16-2020'),
(2, 'Kobe loves rap', 'music', 300.00, '04-15-2020', '07-13-2020'),
(3, 'Zion and injuries', 'books', 50.00, '03-15-2020', '08-19-2020'),
(4, 'NBA needs money', 'charity', 1000.00, '01-19-2020', '05-23-2020'),
(5, 'Jordan and his lies', 'books', 10.00, '01-20-2020', '04-08-2020'),
(6, 'Black lives matter!', 'charity', 6000.00, '04-03-2020', '06-12-2020'),
(7, 'Tim and David', 'music', 100.00, '05-04-2020', '06-04-2020'),
(8, 'SQL MVP', 'books', 50.00, '05-19-2020', '06-08-2020'),
(9, 'Yao in USA', 'books', 100.00, '04-23-2020', '05-16-2020'),
(10, 'Only rap', 'music', 200.00, '05-18-2020', '06-01-2020');

INSERT INTO pledges (id, amount, user_id, project_id) VALUES
(1, 10.00, 1, 2),
(2, 20.00, 1, 3),
(3, 40.00, 1, 4),
(4, 50.00, 2, 3),
(5, 10.00, 3, 2),
(6, 20.00, 4, 4),
(7, 40.00, 5, 10),
(8, 60.00, 6, 10),
(9, 50.00, 7, 9),
(10, 700.00, 8, 8),
(11, 1000.00, 8, 7),
(12, 40.00, 9, 6),
(13, 50.00, 9, 3),
(14, 50.00, 10, 4),
(15, 24.00, 12, 1),
(16, 34.00, 11, 1),
(17, 12.00, 13, 6),
(18, 19.00, 14, 5),
(19, 20.00, 15, 5),
(20, 40.00, 16, 6),
(21, 35.50, 17, 7),
(22, 40.00, 18, 8),
(23, 60.00, 19, 9),
(24, 70.00, 20, 10),
(25, 100.00, 20, 4),
(26, 40.00, 19, 1),
(27, 20.00, 18, 6),
(28, 90.00, 17, 9),
(29, 230.00, 16, 6),
(30, 450.00, 15, 5);