INSERT INTO users (id, name, age) VALUES (1, 'Finnebar', 17), (2, 'Bear', 6), (3, 'Iguana', 4), (4, 'Alex', 33),
(5, 'Amanda', 24), (6, 'Sophie', 24), (7, 'Rosey', 9), (8, 'Victoria', 23), (9, 'Franz', 100), (10, 'Hermione', 30),
(11, 'Voldemort', 90), (12, 'Marisa', 24), (13, 'Swizzle', 4), (14, 'Sirius', 36), (15, 'Albus', 113), (16, 'Squid', 5),
(17, 'Whale', 6), (18, 'Pacha', 5), (19, 'Ena', 24), (20, 'Katie', 24);

INSERT INTO projects (id, title, category, funding_goal, start_date, end_date)
VALUES (1, 'Start Liposuctions R Us', 'music', 50000.00, 04-11-2009, 12-23-2011), (2, 'save the monkeys', 'charity', 20000.00, 10-09-2019, 02-09-2021), 
(3, 'Get college textbooks on  the low', 'education', 1000.00, 08-11-2018, 11-23-2018), (4, 'I need a new nose', 'music', 25000.00, 12-09-2008, 01-22-2009),
(5, 'Aruba, here we come', 'books', 5000.00, 03-02-2012, 09-08-2012), (6, 'save the shack', 'renovation', 50000.00, 04-13-2007, 05-18-2014), 
(7, 'new puppy shelter', 'books', 20000.00, 02-11-2020, 02-28-2021), (8, 'surprise party for Tim', 'books', 4000.00, 04-22-2019, 09-04-2019), 
(9, 'first year of school', 'music', 30000.00, 01-01-2019, 08-01-2020), (10, 'buses for seniors', 'charity', 500000.00, 11-23-2019, 11-25-2024);

INSERT INTO pledges (id, amount, user_id, project_id) VALUES
(1, 900.00, 11, 1),
(2, 1000.00, 10, 8),
(3, 2000.00, 11, 5),
(4, 50.00, 14, 6),
(5, 300.00, 15, 1),
(6, 10.00, 7, 4),
(7, 100.00, 2, 10),
(8, 300.00, 16, 7),
(9, 12.00, 20, 2),
(10, 99.00, 3, 9),
(11, 70.00, 14, 8),
(12, 500.00, 16, 10),
(13, 1000.00, 18, 4),
(14, 400.00, 19, 9),
(15, 80.00, 3, 9),
(16, 23000.00, 8, 10),
(17, 60.00, 13, 7),
(18, 10.00, 20, 6),
(19, 35.00, 19, 7),
(20, 40.00, 11, 5),
(21, 100000.00, 13, 10),
(22, 70.00, 1, 2),
(23, 80.00, 18, 5),
(24, 200.00, 10, 10),
(25, 20.00, 7, 7),
(26, 700.00, 5, 10),
(27, 65.00, 17, 5),
(28, 100.00, 3, 2),
(29, 70.00, 20, 10),
(30, 300.00, 20, 1);